{
  "project_info": {
    "project_number": "310273213816",
    "project_id": "sprint5firebasefinal",
    "storage_bucket": "sprint5firebasefinal.appspot.com"
  },
  "client": [
    {
      "client_info": {
        "mobilesdk_app_id": "1:310273213816:android:5510f1a457125fc1e5b48d",
        "android_client_info": {
          "package_name": "com.example.sprint5"
        }
      },
      "oauth_client": [
        {
          "client_id": "310273213816-t94q97047nue5ip0adc7grsu4cmf82jh.apps.googleusercontent.com",
          "client_type": 1,
          "android_info": {
            "package_name": "com.example.sprint5",
            "certificate_hash": "efd23a33f3736ac40f063767232b21005fbc95ae"
          }
        },
        {
          "client_id": "310273213816-jm6rglfnluoe7d3pjj69gb2udm6e0204.apps.googleusercontent.com",
          "client_type": 3
        }
      ],
      "api_key": [
        {
          "current_key": "AIzaSyCfzzSVZxyTdpDH6j0RRpA_-Oy2BKhILgw"
        }
      ],
      "services": {
        "appinvite_service": {
          "other_platform_oauth_client": [
            {
              "client_id": "310273213816-jm6rglfnluoe7d3pjj69gb2udm6e0204.apps.googleusercontent.com",
              "client_type": 3
            }
          ]
        }
      }
    }
  ],
  "configuration_version": "1"
}